av_w0	av_th0	av_g0	av_ga0	av_alphw	av_alphth	av_beta	av_v	av_gf	sd_w0	sd_th0	sd_g0	sd_ga0	sd_alphw	sd_alphth	sd_beta	sd_v	sd_gf
0.0028159900810715	5.73417536944151	0.0191607019186333	2.92407854831219	0.121336276076501	184.899830623627	1.44033152489038	0.142271565850824	0.188594650366344	0.0417730649545296	0.194260706285368	0.0256963435453892	0.291139846593157	0.0430197431667112	11.6766953778009	0.411545533891733	0.0216757260999355	0.0356985735404856
0.00495406451876624	5.57262699711323	0.0264369406013102	2.65491371527314	0.0874876504888671	185.364958600998	1.46323832052574	0.144345828293823	0.193378487651236	0.0418444961784552	0.302282069651194	0.026356814006933	0.350182497482984	0.0396647695129751	11.6511585734267	0.351870423219609	0.0253489171642389	0.0325371715862055
0.0022445367265027	5.47065031242371	0.0203828957550331	2.63480488920212	0.10034164159972	185.851226287842	1.30295346202701	0.147117879089899	0.196727094141766	0.0397461344683868	0.282997284078824	0.0241137920397482	0.267885446886922	0.0347699991155504	10.9167869656113	0.308639601347893	0.0203426251143563	0.0342774693174459
0.000916070788167417	5.44082708436251	0.0284893738329993	2.39742900837958	0.079078220278665	182.45563057518	1.02717216532677	0.144998130165972	0.191996464859694	0.0415436539420218	0.255332394175184	0.0293518726928001	0.345478309991575	0.0307122580055272	12.3117672607651	0.286193885721978	0.0213103860491849	0.0378398202155611
0.0039571765413275	5.4459370726943	0.021216199469105	2.47133951669931	0.0826900551675353	178.652676465988	0.965394606806338	0.148366939743981	0.189048063735478	0.0385611902154703	0.275523255315687	0.0238985969352353	0.341444776976264	0.0309052470813183	18.7540337576325	0.248778322326165	0.0216697316830937	0.0347122471881253
0.00159990775730694	5.24496551728249	0.0223514284862467	2.42283168816566	0.0914825930691222	189.319609848022	0.888646760020405	0.148800952220336	0.181525219926145	0.0363102312631711	0.240555067441135	0.0261216617793558	0.440213605231942	0.0346435931079575	15.3690079272434	0.239339945174323	0.0189622673955805	0.0311366355565554
0.00345677304155106	5.16845221358538	0.0242923973856186	2.57151022066176	0.0880990088166291	185.44863968277	1.00246017531306	0.153783313146327	0.188048171202652	0.0399211761894962	0.205638814941398	0.0283413601938368	0.457211153768828	0.0356855710423338	13.5799525935532	0.249757987151879	0.0219733967513252	0.0293264502810706
0.00540647665338474	5.28302385532856	0.02367982352935	2.57221617935598	0.10613064926368	169.574317268372	0.898032468736172	0.151339585428126	0.19183504367061	0.0430427305321974	0.213938394690512	0.0244728171778286	0.354683174430831	0.0369625152672863	10.3467189683979	0.234541829454255	0.0223955135480142	0.0289119336506634
0.00132886291760951	5.31850876379013	0.0251365095910569	2.51942273323238	0.0831747783822357	164.658770680428	0.752008140068501	0.142932672752999	0.182374633347616	0.0433801243165918	0.27139766400045	0.0278240437622443	0.318176131949495	0.0353567787433289	9.30398609078658	0.175190286107962	0.0218885762573415	0.0283179835490412
-0.00589615116652567	5.34609462356567	0.0237640426758262	2.5289662642628	0.0843584999610757	167.315347072601	0.833573582857847	0.147442926010117	0.191186812161002	0.0391094327314105	0.227517924413001	0.0270753246877	0.309459277116362	0.0381019875906148	14.4172640943112	0.264840058897018	0.0185424394715906	0.0410570391883812
-0.000496552667849755	5.31063105118275	0.024526911922927	2.54803584690392	0.0775024701954098	174.740452532768	0.800896776006091	0.146101053376682	0.167980966854375	0.0386567680702801	0.221373728190912	0.0290709669261726	0.380279341322413	0.0279975096742227	11.67218069143	0.249286163569097	0.0218228590980839	0.0338533971888576
-0.0045548200474077	5.16869763332605	0.0255486667814548	2.4711661734134	0.0703255743702903	172.435273244858	0.820577500787331	0.14984327078145	0.164655296703801	0.0371099510391205	0.228904717326418	0.030280245810863	0.421523909582065	0.0337828979635624	12.9168885284035	0.276592349713974	0.0192210994093651	0.0371609566909444
0.00442716047647991	5.34046418827772	0.0254311196624767	2.54991763132811	0.0833098512270953	178.065545459747	0.839552162149026	0.147715084689669	0.17729134355206	0.0395258369445444	0.240524808303988	0.0289719235480507	0.396002770654789	0.0339901914550969	10.4731977384043	0.321840765555584	0.0202139633480748	0.0363923481665828
0.00409586174789001	5.35051544183493	0.0239842457830528	2.51690083435178	0.0846472743929298	175.302386453629	1.08641619306011	0.147866644419264	0.162885625036201	0.0434719196083384	0.2377456524306	0.0289597270091109	0.335690027837919	0.0300274579887643	10.0677709964848	0.270091416474199	0.0200809113940379	0.0460574629219812
0.00475958389315929	5.56878129762411	0.0241716025275091	2.54595585688949	0.0920448968097335	172.403750383377	1.14026632622257	0.142472507455852	0.179232345217839	0.0366859994547449	0.245235958884151	0.0282651008060926	0.381935347544686	0.0404211695031102	10.2895917730246	0.2897454889417	0.0238608976111365	0.0461090232850775
0.00381183816922567	5.52928207397461	0.0260379278595938	2.53007511354983	0.0610531651211495	166.985407157898	0.914847972624004	0.143948425988201	0.175774445570074	0.0398844811923086	0.289281691405392	0.0300788156009707	0.336923097332716	0.0301663464738429	9.23519430695164	0.278424817617817	0.0223653089606315	0.0364025549035774
-0.00114338865544414	5.56078883755207	0.0239748815469402	2.65626538556814	0.061404794611517	171.275251550674	0.944430443994701	0.141624372634571	0.177745558763389	0.0392276057521796	0.399307189108476	0.0264454981320435	0.288944711946891	0.0236919425439864	9.96673457163275	0.274213723230899	0.0209742296745221	0.0343233159079135
0.00167854596253892	5.61510338157415	0.0205880712701228	2.88541619800031	0.0700146338820195	169.40942911911	1.04108395521343	0.144260945681483	0.181931131348014	0.0380253765232137	0.325725571974861	0.0290258760782253	0.299021252240129	0.0318579935567964	8.91469935895476	0.266368131014854	0.0228877078241856	0.0327458638224521
0.00330529639378074	5.64778047257662	0.0223693432884929	2.92315704490244	0.0898886137983645	164.162712598801	1.06460735193826	0.139274495223071	0.18584144475474	0.0389170084793759	0.289182053123668	0.0258730030247213	0.343350000131309	0.0334820450261768	10.3806349713126	0.268970245684194	0.0233753063297651	0.0493696410688245
-0.00150631063911715	5.55761074405909	0.0273277545677483	2.72736185452342	0.0944542247764766	167.275803766251	1.34617190247402	0.141969133779872	0.198298001556192	0.0474079630642775	0.295230579080612	0.0318217891910994	0.400787364926447	0.0340806172476658	10.925443628562	0.249988079196559	0.0212595850185745	0.0448504895819675
-0.00386554877756862	5.51768135225773	0.0212000716107796	2.51717511184514	0.088138363136095	169.385796840668	1.20332945291698	0.140577059648465	0.195528590622358	0.0436447786026381	0.25056392852529	0.0268008187638647	0.33262178691178	0.035847577333336	8.97351334777455	0.190471561399261	0.0221577581281904	0.0431014744106385
0.00539039572246838	5.44800568032265	0.0254404145923199	2.42184056970477	0.107630531362665	170.246941965103	1.25514638305455	0.142884436334018	0.188898736730218	0.0417947007683633	0.28620450483703	0.0311266859757701	0.236080916409373	0.0475505795347002	12.2461229227186	0.25572699870304	0.0247904537016094	0.0442283009308316
0.00300786873884499	5.55223746621609	0.0295230180326362	2.46147078926861	0.0806570554515565	175.198187385559	1.13170247715525	0.140646826226264	0.173831434519961	0.0432168240184781	0.276283591527213	0.0277000471449312	0.35658616937622	0.0397943440094062	13.4974118466668	0.250456453795844	0.0211617590559442	0.0315724895651672
0.00178313468079432	5.48395348870754	0.0249088700128268	2.35500714930147	0.0921854445462668	171.610303994179	1.25601198687404	0.141070904317778	0.191459821530618	0.0426379881425051	0.273820264883393	0.0298402734444763	0.40156074078206	0.0331192198419929	16.3461502284949	0.232921021546147	0.0244127834171881	0.0338411118390315
0.00855119285886758	5.44213310015202	0.028857544412378	2.44636304827034	0.0979841722686833	177.698514333725	1.32581585295498	0.144572780390736	0.183539874707116	0.0387119532545599	0.317600407970463	0.0273341501445084	0.289604924823524	0.0409370498421302	13.6276839091066	0.297373885597735	0.0212185990155017	0.0448735637669091
0.000485867270472227	5.33933141452074	0.0206690190317822	2.37150197461247	0.0792483165779922	186.593095439911	1.06175229326263	0.148077419016976	0.181110033089295	0.0392539091988879	0.251654670048215	0.0259826616003951	0.333348088401743	0.0357626435359806	13.3145464433841	0.310110648676437	0.018506038515355	0.0424037969828562
0.00225925999670289	5.37416842091084	0.0192040591868936	2.47534796054661	0.0896757749490571	184.732902547836	0.981450936989859	0.15076434100233	0.19051454163203	0.039042714849406	0.243403881235242	0.0237251214252645	0.325013967948933	0.0333536992591474	17.0698730186746	0.239600634542909	0.019243583173895	0.0394455647915915
-0.000129600777872838	5.38747266668081	0.0257101339863457	2.50879977369308	0.0849871154642024	180.472160173416	1.08242128073424	0.14605352336634	0.197383112663403	0.0412570165890876	0.232212149630797	0.0279432541710177	0.312761262651902	0.0327136337806252	14.6508773522683	0.220660530564745	0.0241030187836813	0.0416199969905546
0.00291092578630924	5.31684668982029	0.0272329615429626	2.40690832418203	0.0848484842323232	184.746025729179	1.05700612063333	0.152350084143691	0.200535104261711	0.0393855386826573	0.319285105818631	0.0279404002702836	0.291491739389274	0.0283227000141452	17.399001597264	0.240265254520645	0.0210556603435036	0.032060664948642
-0.00242820164942532	5.32593993246555	0.0201894511985665	2.39703140598536	0.0897221601684578	188.786683259964	1.19650317879766	0.153991801367141	0.195914775406942	0.0397130815809034	0.277713033877537	0.025844374169167	0.35020369142378	0.0270849567214227	16.0484113356054	0.201050700430455	0.0184256649543997	0.0368117028055342
-0.00313901558303041	5.20545865428448	0.0275255599601114	2.21843287277222	0.076210522870977	177.339112371445	0.954895329102874	0.150341562155634	0.192283064869232	0.0400198047920204	0.223814488715753	0.0275008050674306	0.375882823390997	0.0304160316050069	12.2605378520372	0.172565177377986	0.0233551570750439	0.0390062650950193
-0.00783508811399224	5.06165105324984	0.0231408115335726	2.2874334564358	0.0876024248950125	176.93232367897	0.909241071920842	0.152966058432125	0.186480709940195	0.0411737440340732	0.258781230831383	0.0286031753820986	0.27125284197668	0.0380872470218156	14.9015818352939	0.153384515405961	0.0212338911605017	0.0385113691390001
-0.00514067931333557	5.07793578499556	0.0222047789612116	2.31352922415733	0.0869220887403353	180.570313892365	0.847114765619859	0.151742813122459	0.171761059429729	0.040693000114986	0.244502575403192	0.0252218266191098	0.306299983785048	0.0297047918381949	15.3153132423356	0.201618029539395	0.0217426405911231	0.0392273313027486
0.0035138115004811	5.35485165834427	0.0300379443426864	2.28091383141279	0.0989373390159453	178.759203569412	0.896873398631811	0.144738092995249	0.194076216893736	0.0453423133916425	0.254056683924213	0.0300794108424145	0.378023940599297	0.0382185098960465	16.0171224609555	0.208530983714533	0.0203631536634926	0.0348268537853591
0.00607311492518056	5.33586810606718	0.0251986502246873	2.39252212360501	0.108614157336706	180.473962675095	0.879088436022401	0.145061570301652	0.198142973035574	0.0430222017008516	0.301420186381824	0.0280247870658933	0.305953486167623	0.0426376918147333	15.4149468581985	0.304027346126024	0.0212902886451799	0.0367795926838242
0.00624786277284147	5.53940123808384	0.0280168711171718	2.50454351554811	0.0766259906161577	177.990125318527	1.06078368380759	0.141340741546825	0.172677211698145	0.0393467624386298	0.266684325396162	0.0291790814580588	0.305535696025232	0.0281562637999004	14.1016732169155	0.370393965189693	0.0230880845137768	0.0342580351695691
0.000627144330297597	5.46528524816036	0.0291754597795443	2.6495587271899	0.0703311630925455	167.098149004936	1.058930459911	0.144394574918784	0.173326482158154	0.0415607677430774	0.297965719966585	0.0286899320229713	0.355559145671682	0.0271447684595345	13.1286577153934	0.354741800311809	0.021726316046363	0.0450120988891623
0.00484432572315563	5.52829490053654	0.0337895539377387	2.78790388971567	0.0711392121615354	170.670502720833	1.48255975294486	0.143709021758288	0.188701527368277	0.0418043535231825	0.291321897133556	0.0299014378455347	0.318135637446472	0.0298063906624613	16.7875483454123	0.292869966540846	0.019584066813722	0.0374581519311435
0.00836627261289686	5.64926543420553	0.0297588717572391	2.66050858210027	0.0714663862635789	176.504652294159	1.2524949792698	0.140637403653003	0.183671720954939	0.0449540035502435	0.290961923266807	0.0313108116189307	0.375916225500899	0.0328502635573749	16.6569235544955	0.340903808345856	0.0236153156894765	0.0497039577272477
0.010188565738441	5.69764326804876	0.0293611080292321	2.672550249964	0.0952183951730331	183.599322990417	1.21521003901772	0.130010808041319	0.179010899217799	0.0468378479413896	0.284828353292087	0.0307163427761214	0.354762884877042	0.0336630992261739	17.7275192467901	0.417583301707603	0.0234783945902839	0.0406837223903853
0.00278253682887589	5.60804472839832	0.0250080919555974	2.56877875955403	0.0967238069793675	185.810795679092	1.13670583723485	0.141078063980676	0.191764818594325	0.0456531898368915	0.261994966450224	0.0294081174576777	0.352037054306403	0.036197593384893	12.6883452655915	0.437375868426127	0.0231240616813113	0.041097959159938
-0.00465583447624522	5.51595014125109	0.0257888223972961	2.73312998050451	0.0792500001514418	180.604347660065	0.928045459248824	0.141129984742031	0.184634198752348	0.0398065528341033	0.245272182985257	0.0279381098454964	0.337491488962799	0.0398980557576246	11.6176543012086	0.418883717842281	0.020577221395896	0.0401303375067585
-0.000762774443959643	5.42512261587381	0.0248981706992345	2.63875387151539	0.0847781998557039	177.078774707794	0.874463888752929	0.144183908003382	0.191600785470568	0.0404631509452065	0.254763013203644	0.0259711406601416	0.315983994490054	0.0257872857097521	11.2203463017799	0.46511360184434	0.0203469943449892	0.0330945595219695
-0.00927980890666368	5.38861790072918	0.022914797242157	2.63501156784594	0.0834404016593326	177.501323307037	0.943183337990544	0.146475587413646	0.192023471278138	0.0408746013875996	0.313576384100508	0.0298216220642458	0.313941994653466	0.0309460417106314	13.2683572756075	0.450495374174591	0.0220175426950642	0.0417360473491898
0.0033765853405348	5.33469291841984	0.0208708265246069	2.5200047249347	0.107268337744172	171.877647474289	1.15268956485158	0.149397185518406	0.186772448739968	0.0458464906978846	0.268037323973446	0.0264450763407494	0.326046683266616	0.0275446284415221	13.684651855812	0.541993466135865	0.0217945047475225	0.0375566937820199
0.00661082440483733	5.30621776860952	0.0308203733344003	2.3000162127167	0.0961960457227615	168.002952251434	1.13471391036967	0.145211610716768	0.188037045192905	0.0406776004148777	0.27955436482977	0.032844055469208	0.372520216870973	0.0394931885089727	12.9735379252042	0.498653515045009	0.0225500284094736	0.0475313630573692
-0.00952015825541457	5.34734782916307	0.028221551492421	2.65183903388679	0.0867153304093517	161.941313791275	0.918461674182676	0.137936443072278	0.18076118130167	0.0413259243120262	0.210507230005873	0.0304142234460528	0.346741038865702	0.0346509595576423	10.1760957369955	0.45105832612312	0.0236182715394797	0.0450679544326964
0.00578550953055674	5.40216103410721	0.0233307794653711	2.55006942608953	0.0812877399230783	163.849839412689	0.783179893607274	0.14259864713531	0.182418476971798	0.0445966737962355	0.254724729751929	0.0277522626749675	0.324228418143955	0.0314457321824168	9.32121312726375	0.270903469435262	0.0275265201838466	0.035928039429198
-0.000700039252456918	5.33313276672363	0.0278402065367045	2.35271055704355	0.0857005398070905	160.120555603027	0.756025712456089	0.140805913576856	0.166240204866743	0.0366786129984165	0.281677311278517	0.0271389314056418	0.265471599982202	0.034139305321807	12.626539389122	0.245599332858363	0.0238846519852331	0.0401621798798967
0.00547132561790931	5.31619690579176	0.0280942174770171	2.54238280148804	0.0942712152227759	156.840610945702	0.83728601821918	0.14518831025064	0.193823905433994	0.0451711715224398	0.200595684114989	0.0285969160883837	0.295195293105286	0.0268172406125867	17.2135234308748	0.265205423207361	0.0213788760417076	0.0407122254338351
0.00884024892035086	5.29431540960073	0.0212357489075584	2.53964318194985	0.0930171928533819	159.836166359901	0.793077816326171	0.147872604434378	0.185273289499804	0.0384365943440665	0.263902246553045	0.0262311472062566	0.292896415815391	0.02833725150687	15.0304549746913	0.215442114528691	0.0186908285245817	0.0436855230767012
0.00249157968859072	5.22166730028391	0.0250664496667523	2.44372030459344	0.0851270046935333	164.711263868332	0.828586228370667	0.150952944925055	0.186525338821113	0.0404823973610834	0.246153931997738	0.0278554331411363	0.370348357693488	0.0413430937737438	13.8109550146242	0.164027327521473	0.0190378873290156	0.0389157384689979
0.00237320555116457	5.16271860903502	0.0224103561259762	2.31965449512005	0.0889528928254731	159.318589511871	0.63492719325982	0.148059697540943	0.182110745726037	0.0408681721793047	0.261526106140739	0.0264322192654274	0.413690619743146	0.0369526505609382	15.6442975758671	0.213350782837955	0.0248033295085149	0.038486406568747
-0.00312678749258339	5.12225154691935	0.0157486198171828	2.40507404688001	0.0915577041988727	148.067606039047	0.654730249106884	0.148961581597105	0.184342993229628	0.0407808795074226	0.254611777167142	0.0205027227624051	0.372358499708677	0.0260271003208062	13.9572157348951	0.211334228517203	0.0192865522339179	0.0491240169587833
-0.00485346014538663	5.01165253931284	0.0229176306070826	2.59758510114253	0.0904060743782611	154.01943495369	0.819023386283778	0.150095221745782	0.180949750422034	0.0419850395099513	0.262317769538055	0.0274199598853355	0.365918825788397	0.0357576150592591	19.9648050913337	0.274828772729565	0.0204693857120552	0.0338629378355659
0.000623421908443561	5.26590980231762	0.0273534064986707	2.47890621912479	0.100842864865946	138.835215677261	0.883868954577949	0.135857345599681	0.184933586528525	0.0468383543301257	0.236239639771132	0.0299460991181392	0.338481052468962	0.0341058019682088	19.0397689965467	0.283197217183758	0.0227039877831318	0.0297107880318828
0.00523973766283598	5.32425691956282	0.0263950743309233	2.47965043218434	0.0984856511535181	127.031588677406	0.838566999564879	0.134871462338138	0.185475673471577	0.0432003041366577	0.226743746827413	0.0304867120598307	0.285241239208057	0.0423981782349668	16.2871138474609	0.290266838234557	0.0246221594142284	0.042789943212663
0.000431812834081939	5.38806657594442	0.0347852213268288	2.56032841029763	0.0756197565032926	129.583801215172	0.678704559981823	0.1317439416009	0.175525210636435	0.0453304813310083	0.302216753158241	0.0314892085406494	0.374974630400293	0.0316050299474289	13.7775578134449	0.227703364591489	0.0232138918370849	0.0400175622998215
0.00388537712086691	5.44165900915861	0.0273513705497098	2.59493580074608	0.0908833450272214	134.58258098793	0.733390049115755	0.13385580114834	0.176962974568363	0.0396118269174887	0.252966080523136	0.0291014916583841	0.334661088438969	0.0318844141143786	13.704745841023	0.238745107743464	0.0246320547903043	0.0452581758846459
0.0143161789172154	5.33905273723602	0.0287489440516074	2.53311500974	0.0828328306472104	136.449882791519	0.938751640493982	0.14710868343804	0.184069917738438	0.038902718347827	0.235643137137354	0.0279206737962328	0.350814773240378	0.0298093405733548	15.865584895379	0.243374363986667	0.0197446079299474	0.0438644313153989
0.00702145862497855	5.30125816237926	0.0246738952796004	2.56492759275436	0.0770114863346389	137.762342993736	0.913097141359001	0.144508453052491	0.195953140834987	0.0434757057987068	0.263878425315842	0.0283044114699752	0.339944568163207	0.0262005368201453	12.7100470148949	0.228227137172439	0.024314738363256	0.0458630039845285
-0.00372927913552849	5.29509626054764	0.0253801717800416	2.53820484037697	0.0774011427759815	143.457005710602	1.10372079600766	0.144740574506577	0.186472222252749	0.0377482196845414	0.246169275115504	0.0288441026799229	0.310175443145592	0.0363813748918968	8.4869594562164	0.275870139021938	0.022035804628358	0.0498972054344843
0.00102000028666225	5.35969993209839	0.0237377707094129	2.63432867468894	0.0991784699499549	149.946109610558	1.15517535870895	0.147017813482322	0.19465447345865	0.0399957807070973	0.326295441033441	0.0276758781235449	0.26231952361246	0.0412499071358666	13.1011395694404	0.313217644505456	0.0251730532784845	0.0474414309765117
-0.00331674098077929	5.29986915719509	0.0282980239628878	2.64601910026372	0.0886634741870221	160.49911005497	1.33879502291232	0.14854647985287	0.197468473538989	0.0422329294104472	0.332049588435411	0.0335225753262901	0.3651147707946	0.03196680993146	13.3328806817238	0.34868056630642	0.0175754527973492	0.0435937679587623
0.00120246579877858	5.35389703273773	0.0242364470662105	2.72481113146246	0.0847996921368758	164.999092061996	1.19843109584972	0.148218626495451	0.175720101020299	0.0424022163108954	0.276579648492955	0.0290510285215728	0.292735592122917	0.0400835828725201	13.5424821512184	0.376376038707398	0.0203458713190055	0.0343801000348896
0.00230269400807447	5.54537085449696	0.0219994244912814	2.74437420701981	0.0850200652036583	164.556293007851	1.2951438225992	0.142967775134835	0.178627962150611	0.0434153641914659	0.239954542004683	0.0262313459516441	0.390145282455566	0.0271493114074927	16.8627194961139	0.414300260243181	0.0230588857858172	0.034597492717866
-0.00143756409506022	5.4003276566267	0.0248614703744115	2.59268574875593	0.0946493716804544	156.423763563156	1.05324293750152	0.14271666822792	0.184771670257673	0.0412960335183524	0.236835508607961	0.0257722459599969	0.564744420077177	0.0339736627342946	14.8126016787053	0.398004815865865	0.0224494209193613	0.0368063192945408
0.00342729252589925	5.18544689333439	0.0286980561809542	2.38310736501217	0.0817010021290043	157.274574349403	0.926529730013572	0.146896037892438	0.179126534429379	0.0382704368787715	0.27178926151516	0.0312165633841849	0.380068859914728	0.0353617109736217	16.1171122838633	0.362519589740239	0.0186485617079404	0.0397314026265778
0.00828026352985762	5.32280739372969	0.0300592311253713	2.54057297232747	0.0660543536610348	145.259687545776	0.736889081142843	0.144193663207814	0.181112854458624	0.0400070922038362	0.276799166309307	0.0312681089575454	0.368548753026267	0.0374462128251892	16.2750398065606	0.311737696782217	0.0236528670690271	0.0430597909992463
-0.00473155137689901	5.49477581572533	0.0218150939770858	2.64166384881735	0.0781956247823837	158.205237470627	0.876552783256397	0.145623754451517	0.198047239299864	0.0392342508368575	0.230927007543273	0.0258433720446247	0.323509219280836	0.0363605348071564	16.6795679111184	0.283173136030183	0.0198957969117198	0.0420151426957763
0.00202384689847531	5.5419373472929	0.02549668566318	2.65450821018219	0.0754000057378762	155.636134994507	1.15903425816074	0.138380195688922	0.190925091276877	0.0427290340765148	0.256968753089802	0.0276821083647992	0.280741712174646	0.0355472459948318	15.6120399728815	0.323581275777749	0.0215079699520042	0.036410104659555
0.00706730073667131	5.69635149157047	0.0190272502786811	2.70072853083909	0.0891620723088054	165.999333522797	1.26665416734666	0.146873448833823	0.207427597657777	0.0396961389341623	0.263973057619176	0.0244521816366033	0.422669875424943	0.0271887797645311	8.52914729764797	0.35736341283412	0.0227810242658868	0.0298698256696851
1.10948048532009e-05	5.65384681522846	0.0231465876094626	2.85325875413418	0.0870688004396507	167.536327428818	1.41383829186112	0.146683612026274	0.211534286486916	0.0473992216165711	0.289050894548495	0.0305669754953946	0.328146616182914	0.0335609972851436	8.78081390865952	0.202923109718414	0.019248394489973	0.0306229450280012
0.0053719564039493	5.46338887584209	0.0267985742852088	2.71080520786345	0.0920592840673635	163.355915872574	1.50856247933209	0.150624981614761	0.19608914592769	0.039854731344316	0.243039444433853	0.0275782301843812	0.290570140695398	0.0321740039063673	10.5076770850714	0.207890677855898	0.0207396184801985	0.035499959961233
0.00628283302058117	5.37801952683926	0.020858994946318	2.4663151999414	0.110648681042134	162.63723323822	1.40165015713125	0.145455227384344	0.198054893632419	0.0413990891705707	0.211207616750668	0.0276747712305138	0.348645369418936	0.0373882567886214	11.059353338334	0.19135421131637	0.0213062663644209	0.0356759693885608
-0.00195123001461616	5.38485994309187	0.0198692051573707	2.62925968578458	0.115018524085559	172.979265619278	1.38190131677315	0.152081169395708	0.219687432506587	0.0460341687059271	0.220573953462653	0.0235464475834072	0.334868217472655	0.0417307489771987	15.000392601387	0.306926212941607	0.0205461307299118	0.0402139733907035
-0.0014701369554241	5.31568884527683	0.0198535015783345	2.66366536533833	0.113524836863333	183.708702238083	1.42586186675727	0.154137753614224	0.20891084072832	0.0417369062567968	0.291731445637274	0.0288695316281428	0.365042690448068	0.0368204335798603	14.0529451948918	0.324428156652006	0.0218675813930027	0.0439002070421399
0.00851448275876464	5.28602831721306	0.0175081281410221	2.37047794857621	0.118952037138166	176.271335374832	1.36131123215705	0.150897265737876	0.19749389041448	0.0429869140321845	0.290550743102585	0.0260739497327068	0.414700520854551	0.0363867388810407	18.0426840818734	0.336420224432008	0.0191512207759007	0.0437560647182873
0.00144423621997703	5.2562877137661	0.0227749914847409	2.30432700650394	0.0989979299468396	179.87509677887	1.41406110340729	0.15330811363738	0.200348902417347	0.0433792928667022	0.285149884767875	0.0282264897331137	0.350972297094261	0.0376673810918931	20.483042631774	0.348288481391484	0.019611830781111	0.0396189270314201
-0.00443310505675618	5.29909271967411	0.0220734311557208	2.41787512357533	0.0942850988731952	185.202098166466	1.44966603709757	0.149235337398015	0.188379999201396	0.0429046942238125	0.262772779749476	0.0272188191922001	0.348899387607968	0.0388066738450067	23.1865546209682	0.301742796667866	0.0182057862454488	0.0560154785126429
0.000716125865728827	5.32250868666172	0.0212176696107708	2.47693856577575	0.0965828140860831	195.796296245575	1.42197770521045	0.150216614577454	0.184699970446993	0.0416568140883402	0.2639608407645	0.0286007534866869	0.320096685613498	0.0371480476863989	23.8772802015219	0.294893819746911	0.0191945419651175	0.0466075469408241
0.00368987148493761	5.46286252999306	0.0203309686634311	2.3691453794241	0.11472305538971	206.850733522415	1.31638996789977	0.144711528156884	0.177679524552077	0.0376165440213926	0.236452846724421	0.0264620090614663	0.284433775613469	0.0381550280564022	19.3788783347024	0.28569673953257	0.0218064393415994	0.0458179469422963
0.0100020152618235	5.56811447560787	0.0274266452173106	2.40390308170021	0.0958791516284691	206.596506645203	1.22269168671221	0.138817948678043	0.185281811877154	0.0428872432293761	0.264116396467284	0.0293876696490136	0.291854774201761	0.0372730374377746	17.8593023671165	0.318429322794893	0.0231793172613957	0.0347659143496744
0.00469070203503361	5.61642306548357	0.0253070439228177	2.42776168751717	0.0899575351021776	204.873526411057	1.22041208732128	0.14557646534685	0.179200269555673	0.0345854533055154	0.284680341982772	0.0292229617722349	0.305198604296834	0.0352766714234615	13.6013956386211	0.300101347196348	0.0218313725662469	0.0359756398494407
0.00171323991140525	5.49145743250847	0.0231033319566523	2.34445456714928	0.0809500231273123	197.760779260635	1.1480044314675	0.146099031687714	0.184755850950722	0.0390522541183646	0.260574120107808	0.025849950664066	0.273990858948219	0.035806454594786	15.8600583074102	0.21530376377253	0.0260527514255878	0.0353523652197101
-0.0001734515657663	5.48958772909641	0.0190006377961708	2.36200020888448	0.0677289234813688	193.974269666672	1.03625810408592	0.147499776526354	0.172576410626061	0.0401918286472502	0.254872190863738	0.0235740576103986	0.305094753753304	0.0313677664228003	12.0070209272668	0.206373983032668	0.0211529227630286	0.0417049125544769
-0.00210402460656769	5.46969019514322	0.02330264001163	2.43491442418098	0.07217062326629	202.213446987152	1.0923925360404	0.14397327440884	0.170851334277075	0.0412518225364864	0.262569375348708	0.0289613677136809	0.30416336921305	0.0379299827973716	12.8545264646403	0.240029650304959	0.0185777904355194	0.0332828667247997
-0.000869711944629671	5.57491354995966	0.0205435394454544	2.56090096393228	0.08991558462588	206.091598262787	1.13214648273587	0.149268323319964	0.18847344932938	0.0406973380032018	0.342603447643679	0.0261085146450583	0.359927027067494	0.0339165164974257	12.2197173014271	0.235489033612057	0.0232090630095352	0.0369195582148203
-0.00368453928410599	5.46710686337948	0.0213009421947063	2.58011570377648	0.086248749967519	208.62056842041	1.12027251274139	0.15098621130595	0.18883159345109	0.0384511076259158	0.272074407093007	0.0265818604444187	0.367322764221135	0.0355829891341873	13.46714632599	0.235520704957697	0.0208669664547431	0.0454770527024353
-0.00332396415027324	5.49565334314108	0.0278695083302428	2.54699143204093	0.0842642919785103	201.930324293137	1.22152778182551	0.144483264011331	0.175019419349264	0.039521760273557	0.308418674634091	0.0290467813880612	0.323464421575833	0.0354775481436416	13.8087227648505	0.288696691798427	0.0214968977486184	0.0547592653585068
0.000717371995589929	5.3797041426897	0.0278342598640847	2.51932941958308	0.0915776291918155	202.115317033768	1.20518932475708	0.145026232850738	0.186117638321128	0.0452425768510003	0.25217957031297	0.029128469714944	0.358001126037362	0.0446250862811349	12.7663954483473	0.371275424529736	0.0239705309127675	0.0397112218048774
0.0032937871676113	5.7189365452528	0.0223011301913907	2.5032285823226	0.0774537420804263	210.685540706635	1.44955630623922	0.140952773509081	0.175135315793101	0.0374297939248754	0.262624781610141	0.0288588226655983	0.357537290610142	0.0330642969875955	14.5981550833042	0.356368246660971	0.0200842298679089	0.0292505883609298
0.00163468097861914	5.72493551158905	0.0265029941842367	2.53633639803529	0.0755676348852576	208.58336967659	1.61280024767295	0.144973751025274	0.185524674156681	0.0404199524225606	0.275462299561002	0.0297935442687112	0.265165890607469	0.0316569149931913	15.742703334662	0.29569102846295	0.0204737136973216	0.0341275480423961
0.000197489321362809	5.73093336045742	0.030306129659577	2.55519331930578	0.082768028131919	217.497053672791	1.6162805409506	0.143407925454434	0.207197216823697	0.0394331067849492	0.234431249617482	0.0298416276314181	0.317677629039131	0.0318792897411011	15.4449994162602	0.256670171105441	0.0223612637265333	0.0412385490113281
2.38070262712427e-05	5.90278616076708	0.0302306152334495	2.83278445971012	0.0612621081385878	217.573463590622	1.54921596956998	0.146750500442926	0.19238838952221	0.0354458419738769	0.27736239649808	0.0320456091195495	0.397357250160095	0.0267708814153235	15.8748814236611	0.240579911556906	0.025295641534553	0.0328645282452512
9.47363865561783e-05	6.00116797852516	0.0242505002040225	3.11696420106292	0.086977065562256	211.221506212234	1.74027692335844	0.14107476032665	0.19344903515419	0.0414160086114124	0.269404421450269	0.0286158440932344	0.311875020771456	0.0352857282305784	16.2306462485528	0.264509753023226	0.0238706595379306	0.0437568346759114
0.00588511717816436	5.95976341813803	0.0246589862073424	3.12233715173602	0.0802206226499838	206.314066825867	1.72288536527008	0.143812468703836	0.181044714600313	0.043758663970591	0.310534709311284	0.0298131073161848	0.37420131685231	0.0334562243077508	13.4167435422743	0.287429566021342	0.0221261387099255	0.0349212443075197
-0.00266462801012676	6.08358439582586	0.0229508066060152	3.09662333521247	0.0671410319815914	202.335601699829	1.60653279150277	0.142139596237801	0.189371078883763	0.0413595842672831	0.335420038658078	0.0300423977426906	0.313535104288644	0.0250922250371496	11.0862452030902	0.275826177660196	0.0219527095894835	0.0497108374990296
0.00528967593896959	6.10866185897589	0.0268678470217837	3.24507236540318	0.0766923341257498	208.013305847168	1.80544027844816	0.143436554501764	0.187526341689168	0.0399835599666771	0.349875153988129	0.0289296667634221	0.319916538498973	0.0265449480102546	10.6011194947314	0.379372755483857	0.0204913742200358	0.0509684953145891
0.00175192195124691	5.95154183113575	0.0263682910049465	3.16170741555095	0.0842517759028415	205.84706287384	1.86637663787603	0.144332366115414	0.183656083367765	0.0441929569671139	0.426595657045635	0.0277521927016758	0.304560696544243	0.0306975275869101	11.9591565273128	0.494264479134521	0.0215485058806836	0.0410423541975069
